Config	T = 5
0	10
1	25
2	18
3	31
4	18
5	32
6	25
7	26
8	31
9	47
10	38
11	29
12	17
13	23
14	17
15	13

Config	T = 4.99
0	12
1	29
2	21
3	29
4	20
5	28
6	24
7	29
8	25
9	30
10	41
11	29
12	21
13	29
14	22
15	11

Config	T = 4.98
0	8
1	25
2	19
3	27
4	17
5	23
6	31
7	23
8	35
9	56
10	37
11	30
12	17
13	28
14	19
15	5

Config	T = 4.97
0	9
1	23
2	17
3	27
4	18
5	37
6	29
7	32
8	32
9	44
10	35
11	28
12	20
13	24
14	19
15	6

Config	T = 4.96
0	8
1	29
2	18
3	29
4	22
5	33
6	22
7	29
8	18
9	56
10	31
11	26
12	24
13	26
14	20
15	9

Config	T = 4.95
0	11
1	32
2	17
3	28
4	15
5	32
6	19
7	38
8	17
9	51
10	32
11	24
12	24
13	28
14	26
15	6

Config	T = 4.94
0	7
1	29
2	13
3	35
4	11
5	32
6	26
7	28
8	34
9	66
10	24
11	26
12	20
13	20
14	22
15	7

Config	T = 4.93
0	12
1	31
2	15
3	28
4	18
5	32
6	33
7	32
8	27
9	37
10	29
11	25
12	23
13	28
14	20
15	10

Config	T = 4.92
0	9
1	24
2	25
3	25
4	26
5	25
6	30
7	23
8	30
9	37
10	38
11	29
12	21
13	28
14	20
15	10

Config	T = 4.91
0	11
1	31
2	16
3	27
4	18
5	28
6	29
7	30
8	23
9	39
10	44
11	22
12	24
13	26
14	22
15	10

Config	T = 4.9
0	13
1	25
2	22
3	27
4	20
5	24
6	25
7	24
8	29
9	33
10	44
11	37
12	17
13	35
14	19
15	6

Config	T = 4.89
0	16
1	25
2	23
3	24
4	15
5	13
6	28
7	22
8	35
9	43
10	46
11	30
12	16
13	31
14	24
15	9

Config	T = 4.88
0	6
1	33
2	20
3	27
4	21
5	27
6	27
7	32
8	20
9	46
10	40
11	25
12	17
13	31
14	16
15	12

Config	T = 4.87
0	9
1	29
2	26
3	27
4	21
5	29
6	19
7	36
8	22
9	33
10	45
11	26
12	14
13	28
14	19
15	17

Config	T = 4.86
0	8
1	27
2	22
3	29
4	22
5	31
6	22
7	29
8	24
9	32
10	52
11	29
12	16
13	27
14	16
15	14

Config	T = 4.85
0	11
1	25
2	20
3	25
4	13
5	23
6	22
7	30
8	29
9	56
10	43
11	28
12	19
13	28
14	26
15	2

Config	T = 4.84
0	9
1	22
2	27
3	25
4	19
5	33
6	15
7	38
8	26
9	43
10	41
11	32
12	12
13	29
14	20
15	9

Config	T = 4.83
0	5
1	29
2	22
3	33
4	21
5	26
6	29
7	23
8	34
9	33
10	38
11	29
12	22
13	25
14	23
15	8

Config	T = 4.82
0	9
1	26
2	25
3	22
4	22
5	17
6	23
7	24
8	22
9	51
10	52
11	36
12	11
13	40
14	14
15	6

Config	T = 4.81
0	10
1	29
2	16
3	30
4	17
5	23
6	31
7	21
8	31
9	51
10	39
11	28
12	19
13	27
14	18
15	10

Config	T = 4.8
0	10
1	32
2	18
3	30
4	16
5	28
6	26
7	32
8	26
9	43
10	32
11	29
12	18
13	31
14	20
15	9

Config	T = 4.79
0	10
1	25
2	13
3	28
4	16
5	32
6	32
7	26
8	32
9	39
10	53
11	31
12	15
13	28
14	12
15	8

Config	T = 4.78
0	10
1	26
2	22
3	29
4	14
5	24
6	25
7	29
8	36
9	44
10	39
11	28
12	16
13	25
14	24
15	9

Config	T = 4.77
0	9
1	27
2	15
3	30
4	19
5	45
6	20
7	38
8	19
9	48
10	31
11	23
12	25
13	20
14	21
15	10

Config	T = 4.76
0	15
1	28
2	18
3	34
4	16
5	25
6	25
7	21
8	33
9	31
10	35
11	38
12	20
13	32
14	22
15	7

Config	T = 4.75
0	3
1	32
2	19
3	32
4	19
5	28
6	20
7	28
8	20
9	51
10	46
11	32
12	16
13	32
14	16
15	6

Config	T = 4.74
0	11
1	33
2	17
3	27
4	15
5	25
6	26
7	33
8	22
9	43
10	41
11	28
12	18
13	34
14	20
15	7

Config	T = 4.73
0	12
1	33
2	13
3	38
4	11
5	39
6	14
7	36
8	21
9	49
10	24
11	28
12	24
13	23
14	26
15	9

Config	T = 4.72
0	6
1	29
2	19
3	28
4	23
5	31
6	29
7	28
8	24
9	35
10	47
11	28
12	19
13	29
14	15
15	10

Config	T = 4.71
0	11
1	28
2	15
3	31
4	15
5	22
6	41
7	19
8	44
9	34
10	42
11	30
12	14
13	27
14	14
15	13

Config	T = 4.7
0	6
1	29
2	20
3	29
4	21
5	32
6	26
7	31
8	25
9	30
10	47
11	24
12	25
13	24
14	24
15	7

Config	T = 4.69
0	6
1	29
2	19
3	27
4	30
5	27
6	37
7	18
8	24
9	33
10	42
11	28
12	26
13	30
14	15
15	9

Config	T = 4.68
0	8
1	24
2	18
3	30
4	23
5	38
6	27
7	27
8	28
9	36
10	38
11	30
12	23
13	24
14	18
15	8

Config	T = 4.67
0	14
1	24
2	16
3	28
4	19
5	29
6	24
7	22
8	25
9	63
10	30
11	30
12	22
13	26
14	19
15	9

Config	T = 4.66
0	12
1	26
2	18
3	30
4	13
5	28
6	30
7	29
8	39
9	35
10	38
11	28
12	18
13	24
14	23
15	9

Config	T = 4.65
0	15
1	31
2	23
3	30
4	18
5	16
6	35
7	22
8	39
9	25
10	31
11	31
12	15
13	32
14	20
15	17

Config	T = 4.64
0	11
1	26
2	17
3	24
4	15
5	30
6	22
7	34
8	22
9	56
10	46
11	30
12	13
13	32
14	15
15	7

Config	T = 4.63
0	7
1	28
2	20
3	23
4	19
5	28
6	32
7	34
8	28
9	36
10	45
11	32
12	13
13	37
14	14
15	4

Config	T = 4.62
0	3
1	31
2	23
3	32
4	26
5	22
6	28
7	18
8	26
9	51
10	33
11	28
12	22
13	27
14	19
15	11

Config	T = 4.61
0	12
1	19
2	25
3	28
4	19
5	34
6	19
7	31
8	34
9	26
10	48
11	32
12	17
13	23
14	23
15	10

Config	T = 4.6
0	16
1	26
2	21
3	21
4	20
5	24
6	26
7	30
8	22
9	43
10	40
11	29
12	19
13	34
14	20
15	9

Config	T = 4.59
0	10
1	24
2	17
3	29
4	18
5	33
6	23
7	27
8	27
9	46
10	44
11	33
12	18
13	28
14	17
15	6

Config	T = 4.58
0	11
1	32
2	18
3	26
4	13
5	16
6	34
7	27
8	33
9	45
10	44
11	26
12	14
13	32
14	19
15	10

Config	T = 4.57
0	10
1	21
2	22
3	24
4	24
5	28
6	28
7	23
8	29
9	33
10	53
11	36
12	16
13	33
14	14
15	6

Config	T = 4.56
0	5
1	31
2	21
3	31
4	20
5	18
6	35
7	19
8	36
9	50
10	32
11	25
12	20
13	25
14	21
15	11

Config	T = 4.55
0	5
1	27
2	22
3	29
4	19
5	19
6	30
7	20
8	35
9	52
10	45
11	33
12	10
13	31
14	13
15	10

Config	T = 4.54
0	12
1	26
2	21
3	25
4	21
5	24
6	27
7	25
8	26
9	41
10	45
11	30
12	18
13	31
14	18
15	10

Config	T = 4.53
0	21
1	24
2	21
3	25
4	20
5	23
6	31
7	23
8	33
9	23
10	36
11	38
12	16
13	37
14	17
15	12

Config	T = 4.52
0	5
1	31
2	17
3	30
4	16
5	29
6	26
7	31
8	26
9	58
10	35
11	20
12	23
13	21
14	24
15	8

Config	T = 4.51
0	7
1	25
2	17
3	28
4	20
5	32
6	30
7	26
8	30
9	44
10	41
11	25
12	26
13	22
14	23
15	4

Config	T = 4.5
0	8
1	30
2	20
3	24
4	20
5	20
6	34
7	26
8	28
9	44
10	44
11	29
12	15
13	35
14	15
15	8

Config	T = 4.49
0	8
1	24
2	24
3	25
4	16
5	22
6	20
7	29
8	29
9	43
10	60
11	27
12	17
13	26
14	25
15	5

Config	T = 4.48
0	12
1	26
2	19
3	25
4	19
5	26
6	28
7	27
8	27
9	41
10	45
11	34
12	14
13	35
14	14
15	8

Config	T = 4.47
0	2
1	32
2	20
3	28
4	17
5	24
6	36
7	31
8	35
9	34
10	47
11	25
12	15
13	29
14	18
15	7

Config	T = 4.46
0	12
1	28
2	14
3	32
4	13
5	31
6	24
7	28
8	29
9	59
10	30
11	25
12	21
13	21
14	22
15	11

Config	T = 4.45
0	3
1	23
2	23
3	25
4	24
5	31
6	26
7	28
8	27
9	48
10	44
11	30
12	19
13	28
14	18
15	3

Config	T = 4.44
0	12
1	29
2	16
3	30
4	17
5	28
6	27
7	26
8	27
9	47
10	33
11	28
12	23
13	27
14	22
15	8

Config	T = 4.43
0	7
1	24
2	20
3	30
4	19
5	23
6	31
7	18
8	38
9	46
10	44
11	29
12	20
13	23
14	21
15	7

Config	T = 4.42
0	8
1	33
2	13
3	33
4	15
5	29
6	26
7	27
8	24
9	46
10	43
11	26
12	23
13	26
14	21
15	7

Config	T = 4.41
0	9
1	30
2	21
3	19
4	19
5	28
6	31
7	41
8	22
9	43
10	43
11	18
12	16
13	29
14	18
15	13

Config	T = 4.4
0	5
1	33
2	20
3	28
4	20
5	27
6	26
7	32
8	21
9	42
10	43
11	26
12	19
13	31
14	19
15	8

Config	T = 4.39
0	8
1	27
2	22
3	30
4	22
5	25
6	31
7	22
8	34
9	42
10	29
11	29
12	22
13	26
14	22
15	9

Config	T = 4.38
0	6
1	33
2	16
3	30
4	18
5	27
6	33
7	28
8	28
9	51
10	29
11	26
12	20
13	29
14	18
15	8

Config	T = 4.37
0	8
1	33
2	17
3	31
4	17
5	28
6	30
7	30
8	28
9	41
10	36
11	23
12	20
13	25
14	20
15	13

Config	T = 4.36
0	6
1	31
2	20
3	29
4	20
5	19
6	37
7	21
8	35
9	39
10	37
11	31
12	18
13	33
14	18
15	6

Config	T = 4.35
0	15
1	31
2	16
3	27
4	14
5	24
6	29
7	30
8	27
9	37
10	41
11	26
12	21
13	30
14	23
15	9

Config	T = 4.34
0	13
1	29
2	18
3	29
4	21
5	30
6	25
7	27
8	22
9	30
10	42
11	33
12	21
13	33
14	18
15	9

Config	T = 4.33
0	10
1	32
2	10
3	25
4	15
5	28
6	36
7	30
8	24
9	54
10	39
11	20
12	25
13	27
14	20
15	5

Config	T = 4.32
0	11
1	35
2	18
3	34
4	13
5	30
6	20
7	36
8	24
9	54
10	16
11	24
12	21
13	25
14	26
15	13

Config	T = 4.31
0	8
1	30
2	19
3	26
4	21
5	23
6	33
7	25
8	27
9	44
10	40
11	33
12	14
13	37
14	12
15	8

Config	T = 4.3
0	11
1	28
2	15
3	33
4	14
5	30
6	22
7	26
8	28
9	48
10	43
11	29
12	19
13	24
14	20
15	10

Config	T = 4.29
0	7
1	27
2	16
3	25
4	17
5	25
6	45
7	26
8	42
9	39
10	40
11	23
12	18
13	25
14	17
15	8

Config	T = 4.28
0	11
1	30
2	11
3	30
4	12
5	38
6	21
7	37
8	20
9	41
10	53
11	28
12	16
13	28
14	15
15	9

Config	T = 4.27
0	11
1	22
2	23
3	22
4	23
5	21
6	46
7	21
8	46
9	31
10	38
11	25
12	15
13	25
14	15
15	16

Config	T = 4.26
0	5
1	31
2	19
3	31
4	20
5	26
6	26
7	25
8	25
9	45
10	43
11	29
12	20
13	29
14	19
15	7

Config	T = 4.25
0	4
1	26
2	18
3	30
4	16
5	29
6	26
7	27
8	32
9	54
10	46
11	29
12	15
13	25
14	17
15	6

Config	T = 4.24
0	11
1	27
2	24
3	27
4	18
5	23
6	24
7	29
8	30
9	39
10	44
11	28
12	14
13	28
14	20
15	14

Config	T = 4.23
0	9
1	31
2	17
3	27
4	18
5	16
6	38
7	19
8	33
9	46
10	42
11	26
12	21
13	30
14	20
15	7

Config	T = 4.22
0	7
1	33
2	20
3	33
4	20
5	28
6	31
7	28
8	31
9	32
10	24
11	27
12	26
13	27
14	26
15	7

Config	T = 4.21
0	8
1	23
2	17
3	25
4	19
5	33
6	28
7	29
8	28
9	55
10	45
11	21
12	21
13	19
14	19
15	10

Config	T = 4.2
0	10
1	27
2	20
3	26
4	19
5	19
6	42
7	21
8	42
9	33
10	40
11	27
12	17
13	28
14	18
15	11

Config	T = 4.19
0	12
1	21
2	20
3	23
4	18
5	26
6	33
7	26
8	37
9	34
10	50
11	32
12	15
13	30
14	17
15	6

Config	T = 4.18
0	10
1	26
2	15
3	27
4	19
5	36
6	19
7	31
8	16
9	57
10	45
11	27
12	21
13	26
14	17
15	8

Config	T = 4.17
0	9
1	20
2	20
3	25
4	18
5	28
6	29
7	25
8	36
9	44
10	51
11	26
12	20
13	21
14	22
15	6

Config	T = 4.16
0	12
1	33
2	15
3	30
4	16
5	29
6	34
7	31
8	30
9	36
10	36
11	24
12	14
13	27
14	13
15	20

Config	T = 4.15
0	8
1	36
2	20
3	27
4	17
5	23
6	28
7	35
8	22
9	31
10	46
11	29
12	14
13	38
14	17
15	9

Config	T = 4.14
0	4
1	29
2	16
3	33
4	13
5	34
6	26
7	33
8	33
9	39
10	45
11	24
12	22
13	20
14	25
15	4

Config	T = 4.13
0	9
1	29
2	18
3	29
4	21
5	33
6	27
7	30
8	24
9	33
10	42
11	33
12	16
13	33
14	13
15	10

Config	T = 4.12
0	4
1	33
2	19
3	25
4	21
5	31
6	37
7	37
8	27
9	38
10	32
11	21
12	19
13	29
14	17
15	10

Config	T = 4.11
0	6
1	28
2	17
3	27
4	17
5	26
6	29
7	27
8	28
9	54
10	46
11	25
12	19
13	26
14	19
15	6

Config	T = 4.1
0	3
1	27
2	11
3	32
4	12
5	33
6	21
7	27
8	25
9	81
10	42
11	25
12	20
13	20
14	19
15	2

Config	T = 4.09
0	7
1	24
2	20
3	25
4	20
5	26
6	27
7	25
8	28
9	38
10	61
11	29
12	19
13	28
14	19
15	4

Config	T = 4.08
0	12
1	35
2	14
3	30
4	15
5	22
6	44
7	26
8	38
9	41
10	18
11	16
12	28
13	21
14	27
15	13

Config	T = 4.07
0	4
1	27
2	23
3	21
4	19
5	25
6	26
7	35
8	24
9	36
10	66
11	29
12	11
13	35
14	15
15	4

Config	T = 4.06
0	7
1	34
2	12
3	26
4	15
5	25
6	38
7	30
8	27
9	50
10	42
11	19
12	22
13	27
14	19
15	7

Config	T = 4.05
0	12
1	33
2	18
3	34
4	15
5	22
6	32
7	24
8	36
9	29
10	33
11	32
12	17
13	31
14	20
15	12

Config	T = 4.04
0	8
1	24
2	20
3	25
4	20
5	25
6	25
7	24
8	26
9	51
10	51
11	28
12	21
13	27
14	21
15	4

Config	T = 4.03
0	5
1	27
2	18
3	24
4	20
5	35
6	27
7	36
8	22
9	44
10	47
11	22
12	23
13	25
14	21
15	4

Config	T = 4.02
0	10
1	34
2	13
3	32
4	13
5	28
6	26
7	30
8	24
9	51
10	38
11	22
12	22
13	24
14	22
15	11

Config	T = 4.01
0	7
1	27
2	21
3	27
4	22
5	25
6	27
7	24
8	26
9	23
10	70
11	30
12	16
13	30
14	15
15	10

Config	T = 4
0	5
1	30
2	20
3	29
4	16
5	26
6	27
7	31
8	30
9	32
10	51
11	31
12	17
13	32
14	21
15	2

Config	T = 3.99
0	8
1	25
2	23
3	24
4	22
5	32
6	25
7	34
8	25
9	38
10	44
11	29
12	15
13	30
14	16
15	10

Config	T = 3.98
0	11
1	30
2	15
3	29
4	13
5	27
6	27
7	30
8	28
9	54
10	36
11	27
12	17
13	28
14	19
15	9

Config	T = 3.97
0	7
1	34
2	15
3	36
4	13
5	25
6	25
7	25
8	29
9	48
10	36
11	30
12	21
13	28
14	23
15	5

Config	T = 3.96
0	5
1	26
2	24
3	25
4	20
5	20
6	28
7	25
8	31
9	39
10	62
11	25
12	15
13	26
14	19
15	10

Config	T = 3.95
0	4
1	31
2	12
3	30
4	16
5	29
6	35
7	26
8	30
9	67
10	28
11	20
12	25
13	21
14	21
15	5

Config	T = 3.94
0	7
1	24
2	16
3	25
4	16
5	33
6	23
7	32
8	24
9	55
10	54
11	24
12	20
13	23
14	20
15	4

Config	T = 3.93
0	8
1	25
2	19
3	32
4	22
5	24
6	29
7	14
8	33
9	39
10	51
11	33
12	19
13	26
14	16
15	10

Config	T = 3.92
0	10
1	39
2	14
3	29
4	18
5	23
6	38
7	29
8	24
9	34
10	31
11	18
12	30
13	28
14	26
15	9

Config	T = 3.91
0	9
1	27
2	15
3	25
4	19
5	37
6	26
7	35
8	20
9	30
10	56
11	34
12	16
13	36
14	12
15	3

Config	T = 3.9
0	6
1	29
2	19
3	29
4	18
5	30
6	25
7	31
8	26
9	56
10	38
11	25
12	14
13	25
14	15
15	14

Config	T = 3.89
0	5
1	27
2	22
3	30
4	23
5	24
6	34
7	20
8	36
9	42
10	32
11	30
12	21
13	27
14	20
15	7

Config	T = 3.88
0	9
1	29
2	18
3	33
4	10
5	25
6	22
7	29
8	34
9	48
10	42
11	25
12	20
13	21
14	28
15	7

Config	T = 3.87
0	9
1	20
2	19
3	30
4	21
5	41
6	24
7	29
8	32
9	23
10	52
11	37
12	15
13	27
14	13
15	8

Config	T = 3.86
0	9
1	27
2	17
3	27
4	17
5	26
6	29
7	26
8	29
9	44
10	49
11	30
12	17
13	30
14	17
15	6

Config	T = 3.85
0	9
1	30
2	18
3	21
4	20
5	22
6	34
7	29
8	23
9	51
10	47
11	19
12	20
13	28
14	18
15	11

Config	T = 3.84
0	4
1	28
2	18
3	31
4	21
5	28
6	30
7	22
8	30
9	48
10	41
11	30
12	19
13	27
14	16
15	7

Config	T = 3.83
0	4
1	28
2	19
3	26
4	19
5	28
6	36
7	30
8	34
9	49
10	32
11	24
12	20
13	26
14	20
15	5

Config	T = 3.82
0	6
1	25
2	20
3	22
4	18
5	31
6	30
7	36
8	29
9	29
10	63
11	21
12	19
13	24
14	21
15	6

Config	T = 3.81
0	12
1	33
2	10
3	30
4	17
5	31
6	32
7	27
8	22
9	41
10	37
11	28
12	25
13	31
14	18
15	6

Config	T = 3.8
0	10
1	27
2	14
3	25
4	20
5	33
6	37
7	29
8	29
9	36
10	42
11	28
12	19
13	30
14	13
15	8

Config	T = 3.79
0	5
1	25
2	14
3	30
4	14
5	22
6	29
7	17
8	34
9	71
10	50
11	28
12	17
13	23
14	17
15	4

Config	T = 3.78
0	14
1	24
2	22
3	20
4	22
5	20
6	34
7	24
8	30
9	41
10	39
11	31
12	19
13	35
14	19
15	6

Config	T = 3.77
0	10
1	26
2	18
3	24
4	21
5	29
6	33
7	28
8	28
9	49
10	33
11	28
12	19
13	30
14	16
15	8

Config	T = 3.76
0	8
1	33
2	22
3	26
4	22
5	22
6	36
7	29
8	29
9	28
10	35
11	30
12	17
13	37
14	17
15	9

Config	T = 3.75
0	6
1	41
2	11
3	39
4	13
5	26
6	32
7	26
8	28
9	39
10	39
11	24
12	18
13	26
14	16
15	16

Config	T = 3.74
0	8
1	25
2	24
3	19
4	21
5	30
6	25
7	39
8	22
9	31
10	58
11	34
12	7
13	40
14	10
15	7

Config	T = 3.73
0	8
1	23
2	21
3	23
4	15
5	25
6	26
7	31
8	32
9	39
10	63
11	26
12	16
13	26
14	22
15	4

Config	T = 3.72
0	6
1	31
2	18
3	24
4	24
5	31
6	30
7	32
8	17
9	48
10	34
11	25
12	25
13	32
14	19
15	4

Config	T = 3.71
0	9
1	24
2	17
3	23
4	18
5	28
6	43
7	28
8	41
9	28
10	46
11	30
12	15
13	31
14	14
15	5

Config	T = 3.7
0	7
1	27
2	17
3	27
4	14
5	29
6	21
7	32
8	24
9	57
10	50
11	32
12	12
13	32
14	15
15	4

Config	T = 3.69
0	9
1	32
2	13
3	29
4	15
5	31
6	33
7	32
8	28
9	44
10	34
11	22
12	24
13	25
14	22
15	7

Config	T = 3.68
0	7
1	22
2	23
3	22
4	20
5	21
6	35
7	24
8	38
9	38
10	59
11	26
12	13
13	26
14	16
15	10

Config	T = 3.67
0	3
1	31
2	21
3	29
4	21
5	33
6	26
7	35
8	24
9	33
10	42
11	27
12	20
13	29
14	20
15	6

Config	T = 3.66
0	14
1	28
2	13
3	30
4	15
5	36
6	20
7	32
8	20
9	52
10	30
11	28
12	27
13	26
14	25
15	4

Config	T = 3.65
0	5
1	33
2	16
3	31
4	11
5	31
6	22
7	38
8	25
9	47
10	48
11	22
12	17
13	24
14	22
15	8

Config	T = 3.64
0	7
1	29
2	17
3	27
4	17
5	33
6	30
7	35
8	28
9	40
10	40
11	32
12	12
13	34
14	12
15	7

Config	T = 3.63
0	8
1	25
2	16
3	25
4	17
5	27
6	32
7	26
8	31
9	56
10	45
11	22
12	21
13	22
14	20
15	7

Config	T = 3.62
0	3
1	27
2	17
3	30
4	17
5	29
6	28
7	26
8	31
9	52
10	47
11	31
12	15
13	28
14	15
15	4

Config	T = 3.61
0	6
1	33
2	14
3	39
4	13
5	34
6	27
7	29
8	34
9	38
10	29
11	34
12	17
13	28
14	18
15	7

Config	T = 3.6
0	5
1	28
2	19
3	26
4	17
5	33
6	24
7	37
8	24
9	50
10	44
11	23
12	18
13	25
14	20
15	7

Config	T = 3.59
0	7
1	23
2	20
3	27
4	23
5	27
6	34
7	20
8	35
9	43
10	42
11	31
12	18
13	27
14	15
15	8

Config	T = 3.58
0	10
1	25
2	22
3	21
4	23
5	21
6	33
7	24
8	28
9	28
10	65
11	25
12	18
13	29
14	17
15	11

Config	T = 3.57
0	8
1	32
2	20
3	34
4	13
5	21
6	19
7	26
8	28
9	47
10	43
11	33
12	16
13	31
14	23
15	6

Config	T = 3.56
0	4
1	30
2	22
3	25
4	22
5	28
6	26
7	33
8	21
9	45
10	42
11	28
12	18
13	33
14	18
15	5

Config	T = 3.55
0	13
1	26
2	16
3	26
4	19
5	30
6	28
7	27
8	25
9	40
10	45
11	30
12	20
13	30
14	17
15	8

Config	T = 3.54
0	8
1	21
2	19
3	25
4	17
5	30
6	31
7	28
8	37
9	32
10	58
11	32
12	14
13	28
14	16
15	4

Config	T = 3.53
0	8
1	23
2	22
3	21
4	22
5	23
6	35
7	25
8	33
9	41
10	48
11	30
12	16
13	32
14	16
15	5

Config	T = 3.52
0	5
1	31
2	13
3	30
4	18
5	26
6	32
7	22
8	26
9	48
10	54
11	27
12	19
13	28
14	14
15	7

Config	T = 3.51
0	8
1	33
2	17
3	27
4	16
5	24
6	18
7	31
8	13
9	65
10	42
11	29
12	19
13	35
14	20
15	3

Config	T = 3.5
0	5
1	26
2	12
3	24
4	17
5	29
6	33
7	26
8	26
9	66
10	52
11	24
12	17
13	26
14	12
15	5

Config	T = 3.49
0	6
1	29
2	16
3	31
4	11
5	40
6	17
7	43
8	24
9	37
10	51
11	29
12	15
13	27
14	20
15	4

Config	T = 3.48
0	5
1	29
2	16
3	30
4	21
5	30
6	30
7	24
8	26
9	46
10	45
11	26
12	22
13	25
14	17
15	8

Config	T = 3.47
0	12
1	18
2	22
3	24
4	21
5	27
6	29
7	22
8	36
9	34
10	53
11	37
12	13
13	31
14	14
15	7

Config	T = 3.46
0	10
1	25
2	20
3	28
4	17
5	30
6	23
7	30
8	29
9	46
10	39
11	36
12	12
13	33
14	15
15	7

Config	T = 3.45
0	6
1	34
2	11
3	34
4	17
5	30
6	26
7	24
8	20
9	59
10	37
11	28
12	23
13	28
14	17
15	6

Config	T = 3.44
0	7
1	24
2	17
3	25
4	15
5	24
6	32
7	25
8	35
9	47
10	58
11	30
12	13
13	29
14	15
15	4

Config	T = 3.43
0	6
1	33
2	18
3	25
4	16
5	21
6	39
7	31
8	33
9	43
10	40
11	20
12	18
13	28
14	20
15	9

Config	T = 3.42
0	6
1	30
2	19
3	30
4	15
5	34
6	20
7	38
8	24
9	43
10	40
11	27
12	19
13	27
14	23
15	5

Config	T = 3.41
0	9
1	31
2	15
3	26
4	17
5	23
6	36
7	26
8	29
9	42
10	46
11	23
12	22
13	28
14	20
15	7

Config	T = 3.4
0	5
1	32
2	22
3	30
4	18
5	25
6	28
7	31
8	30
9	33
10	41
11	30
12	16
13	32
14	20
15	7

Config	T = 3.39
0	5
1	28
2	20
3	22
4	21
5	28
6	28
7	33
8	21
9	45
10	52
11	30
12	14
13	36
14	13
15	4

Config	T = 3.38
0	6
1	28
2	17
3	27
4	16
5	35
6	23
7	37
8	23
9	47
10	47
11	24
12	19
13	25
14	20
15	6

Config	T = 3.37
0	4
1	28
2	20
3	30
4	22
5	24
6	28
7	20
8	28
9	39
10	51
11	39
12	15
13	37
14	13
15	2

Config	T = 3.36
0	7
1	26
2	14
3	30
4	14
5	29
6	33
7	25
8	37
9	34
10	61
11	29
12	14
13	25
14	14
15	8

Config	T = 3.35
0	2
1	26
2	20
3	26
4	17
5	33
6	23
7	36
8	26
9	45
10	58
11	29
12	11
13	29
14	14
15	5

Config	T = 3.34
0	10
1	33
2	13
3	33
4	14
5	24
6	35
7	23
8	34
9	42
10	31
11	24
12	28
13	24
14	27
15	5

Config	T = 3.33
0	4
1	29
2	16
3	32
4	15
5	24
6	29
7	22
8	33
9	37
10	66
11	28
12	16
13	25
14	17
15	7

Config	T = 3.32
0	5
1	27
2	18
3	25
4	17
5	27
6	23
7	30
8	22
9	52
10	62
11	27
12	15
13	29
14	16
15	5

Config	T = 3.31
0	6
1	36
2	12
3	31
4	17
5	27
6	32
7	27
8	22
9	65
10	26
11	31
12	14
13	36
14	9
15	9

Config	T = 3.3
0	6
1	28
2	14
3	23
4	20
5	33
6	35
7	32
8	24
9	47
10	47
11	26
12	17
13	31
14	11
15	6

Config	T = 3.29
0	5
1	23
2	21
3	21
4	19
5	28
6	25
7	32
8	25
9	42
10	69
11	26
12	15
13	28
14	17
15	4

Config	T = 3.28
0	5
1	30
2	20
3	29
4	18
5	32
6	21
7	35
8	22
9	50
10	38
11	28
12	17
13	29
14	19
15	7

Config	T = 3.27
0	5
1	23
2	19
3	30
4	21
5	31
6	26
7	22
8	31
9	33
10	62
11	34
12	16
13	27
14	14
15	6

Config	T = 3.26
0	5
1	25
2	17
3	31
4	15
5	27
6	24
7	23
8	32
9	61
10	47
11	32
12	14
13	26
14	16
15	5

Config	T = 3.25
0	2
1	33
2	17
3	32
4	18
5	21
6	37
7	21
8	35
9	43
10	46
11	26
12	17
13	27
14	16
15	9

Config	T = 3.24
0	4
1	26
2	18
3	30
4	20
5	38
6	23
7	32
8	25
9	38
10	53
11	29
12	16
13	25
14	14
15	9

Config	T = 3.23
0	7
1	32
2	19
3	31
4	13
5	23
6	25
7	30
8	30
9	54
10	33
11	29
12	16
13	30
14	22
15	6

Config	T = 3.22
0	8
1	23
2	19
3	22
4	14
5	24
6	26
7	30
8	30
9	66
10	46
11	27
12	15
13	28
14	20
15	2

Config	T = 3.21
0	3
1	32
2	16
3	28
4	16
5	23
6	26
7	27
8	22
9	55
10	58
11	30
12	13
13	34
14	13
15	4

Config	T = 3.2
0	2
1	30
2	13
3	35
4	17
5	28
6	34
7	19
8	35
9	47
10	47
11	29
12	19
13	24
14	15
15	6

Config	T = 3.19
0	8
1	25
2	9
3	29
4	10
5	24
6	41
7	19
8	44
9	66
10	42
11	24
12	17
13	20
14	16
15	6

Config	T = 3.18
0	2
1	35
2	16
3	33
4	10
5	22
6	26
7	30
8	30
9	72
10	32
11	22
12	17
13	24
14	23
15	6

Config	T = 3.17
0	6
1	28
2	12
3	31
4	17
5	34
6	28
7	26
8	26
9	44
10	54
11	34
12	14
13	31
14	9
15	6

Config	T = 3.16
0	7
1	30
2	16
3	28
4	13
5	24
6	35
7	29
8	36
9	42
10	47
11	28
12	12
13	30
14	15
15	8

Config	T = 3.15
0	2
1	39
2	10
3	36
4	13
5	28
6	25
7	28
8	19
9	61
10	40
11	27
12	21
13	30
14	18
15	3

Config	T = 3.14
0	8
1	24
2	19
3	26
4	18
5	27
6	29
7	26
8	32
9	36
10	55
11	32
12	17
13	30
14	18
15	3

Config	T = 3.13
0	3
1	22
2	25
3	20
4	23
5	33
6	22
7	37
8	22
9	37
10	64
11	29
12	13
13	31
14	15
15	4

Config	T = 3.12
0	2
1	36
2	14
3	30
4	12
5	23
6	26
7	31
8	22
9	64
10	48
11	24
12	16
13	30
14	18
15	4

Config	T = 3.11
0	6
1	22
2	16
3	26
4	15
5	20
6	30
7	17
8	35
9	67
10	57
11	30
12	15
13	26
14	16
15	2

Config	T = 3.1
0	4
1	29
2	15
3	33
4	18
5	30
6	24
7	23
8	25
9	42
10	58
11	34
12	17
13	30
14	14
15	4

Config	T = 3.09
0	4
1	30
2	15
3	34
4	19
5	32
6	28
7	24
8	28
9	41
10	44
11	37
12	15
13	33
14	11
15	5

Config	T = 3.08
0	3
1	31
2	11
3	31
4	10
5	24
6	33
7	25
8	34
9	80
10	32
11	23
12	18
13	23
14	19
15	3

Config	T = 3.07
0	7
1	25
2	18
3	25
4	16
5	37
6	18
7	39
8	20
9	48
10	53
11	30
12	14
13	30
14	16
15	4

Config	T = 3.06
0	3
1	37
2	12
3	36
4	18
5	30
6	31
7	25
8	24
9	53
10	31
11	26
12	22
13	27
14	16
15	9

Config	T = 3.05
0	6
1	24
2	18
3	26
4	17
5	28
6	24
7	27
8	27
9	43
10	66
11	32
12	14
13	30
14	15
15	3

Config	T = 3.04
0	5
1	27
2	16
3	34
4	14
5	34
6	20
7	29
8	29
9	58
10	38
11	35
12	13
13	28
14	15
15	5

Config	T = 3.03
0	6
1	36
2	17
3	38
4	15
5	24
6	20
7	24
8	24
9	51
10	34
11	31
12	21
13	29
14	23
15	7

Config	T = 3.02
0	3
1	32
2	17
3	30
4	13
5	15
6	31
7	21
8	33
9	54
10	56
11	33
12	10
13	35
14	14
15	3

Config	T = 3.01
0	5
1	25
2	16
3	19
4	21
5	16
6	45
7	17
8	34
9	45
10	69
11	26
12	16
13	32
14	11
15	3

Config	T = 3
0	4
1	26
2	14
3	28
4	16
5	32
6	31
7	28
8	31
9	55
10	50
11	26
12	15
13	24
14	13
15	7

Config	T = 2.99
0	7
1	28
2	15
3	29
4	12
5	32
6	30
7	34
8	34
9	43
10	41
11	32
12	13
13	31
14	16
15	3

Config	T = 2.98
0	4
1	31
2	16
3	31
4	12
5	30
6	27
7	34
8	31
9	66
10	24
11	26
12	17
13	26
14	21
15	4

Config	T = 2.97
0	4
1	30
2	15
3	33
4	13
5	23
6	33
7	22
8	38
9	36
10	57
11	36
12	11
13	33
14	13
15	3

Config	T = 2.96
0	4
1	32
2	13
3	31
4	12
5	23
6	28
7	25
8	28
9	56
10	56
11	27
12	16
13	28
14	17
15	4

Config	T = 2.95
0	5
1	32
2	11
3	31
4	15
5	21
6	39
7	18
8	34
9	60
10	40
11	26
12	20
13	27
14	16
15	5

Config	T = 2.94
0	3
1	27
2	19
3	30
4	18
5	30
6	18
7	28
8	22
9	45
10	64
11	32
12	15
13	29
14	16
15	4

Config	T = 2.93
0	7
1	31
2	22
3	23
4	18
5	25
6	30
7	37
8	26
9	30
10	47
11	27
12	17
13	35
14	21
15	4

Config	T = 2.92
0	5
1	29
2	16
3	30
4	16
5	26
6	29
7	25
8	30
9	62
10	35
11	29
12	18
13	28
14	18
15	4

Config	T = 2.91
0	2
1	18
2	24
3	21
4	23
5	45
6	18
7	43
8	22
9	50
10	46
11	28
12	16
13	25
14	17
15	2

Config	T = 2.9
0	5
1	28
2	11
3	26
4	11
5	26
6	29
7	28
8	27
9	69
10	57
11	22
12	17
13	24
14	17
15	3

Config	T = 2.89
0	5
1	30
2	17
3	33
4	15
5	21
6	21
7	20
8	26
9	63
10	51
11	28
12	18
13	25
14	20
15	7

Config	T = 2.88
0	6
1	25
2	15
3	29
4	14
5	26
6	34
7	23
8	39
9	36
10	60
11	37
12	10
13	33
14	11
15	2

Config	T = 2.87
0	3
1	35
2	13
3	25
4	15
5	33
6	33
7	41
8	21
9	57
10	38
11	17
12	18
13	27
14	16
15	8

Config	T = 2.86
0	2
1	36
2	11
3	34
4	11
5	26
6	35
7	28
8	33
9	69
10	25
11	23
12	18
13	25
14	18
15	6

Config	T = 2.85
0	5
1	34
2	10
3	31
4	15
5	31
6	26
7	29
8	18
9	61
10	44
11	31
12	16
13	34
14	11
15	4

Config	T = 2.84
0	4
1	27
2	16
3	29
4	15
5	28
6	29
7	27
8	32
9	59
10	41
11	37
12	9
13	35
14	10
15	2

Config	T = 2.83
0	3
1	20
2	18
3	22
4	20
5	33
6	23
7	29
8	23
9	67
10	62
11	25
12	14
13	23
14	12
15	6

Config	T = 2.82
0	1
1	35
2	15
3	39
4	18
5	28
6	24
7	21
8	25
9	65
10	29
11	30
12	19
13	26
14	16
15	9

Config	T = 2.81
0	7
1	33
2	15
3	30
4	12
5	25
6	26
7	31
8	26
9	43
10	53
11	28
12	16
13	31
14	19
15	5

Config	T = 2.8
0	8
1	29
2	19
3	25
4	20
5	28
6	30
7	31
8	25
9	52
10	32
11	28
12	17
13	32
14	16
15	8

Config	T = 2.79
0	2
1	29
2	12
3	28
4	14
5	28
6	39
7	27
8	36
9	49
10	53
11	24
12	16
13	25
14	14
15	4

Config	T = 2.78
0	4
1	26
2	18
3	25
4	17
5	29
6	38
7	31
8	38
9	36
10	46
11	30
12	14
13	31
14	15
15	2

Config	T = 2.77
0	4
1	27
2	15
3	29
4	11
5	22
6	25
7	24
8	31
9	71
10	56
11	28
12	11
13	26
14	15
15	5

Config	T = 2.76
0	6
1	30
2	12
3	24
4	15
5	26
6	28
7	29
8	19
9	62
10	58
11	24
12	19
13	30
14	16
15	2

Config	T = 2.75
0	4
1	24
2	23
3	24
4	20
5	22
6	41
7	25
8	44
9	36
10	48
11	28
12	10
13	28
14	13
15	10

Config	T = 2.74
0	3
1	29
2	17
3	21
4	16
5	16
6	42
7	25
8	35
9	46
10	64
11	23
12	14
13	31
14	15
15	3

Config	T = 2.73
0	4
1	29
2	13
3	33
4	17
5	29
6	31
7	21
8	31
9	47
10	51
11	32
12	16
13	28
14	12
15	6

Config	T = 2.72
0	4
1	31
2	15
3	26
4	15
5	26
6	27
7	31
8	22
9	56
10	56
11	27
12	14
13	32
14	14
15	4

Config	T = 2.71
0	9
1	28
2	13
3	31
4	7
5	19
6	25
7	22
8	34
9	72
10	46
11	30
12	14
13	27
14	20
15	3

Config	T = 2.7
0	3
1	31
2	16
3	30
4	14
5	26
6	25
7	29
8	26
9	62
10	47
11	22
12	19
13	23
14	21
15	6

Config	T = 2.69
0	3
1	21
2	20
3	28
4	18
5	29
6	26
7	24
8	35
9	55
10	53
11	34
12	10
13	27
14	12
15	5

Config	T = 2.68
0	3
1	31
2	14
3	30
4	14
5	36
6	29
7	37
8	28
9	39
10	46
11	32
12	13
13	33
14	13
15	2

Config	T = 2.67
0	3
1	24
2	14
3	27
4	18
5	28
6	32
7	21
8	31
9	39
10	77
11	27
12	18
13	24
14	14
15	3

Config	T = 2.66
0	3
1	22
2	21
3	25
4	14
5	28
6	26
7	32
8	36
9	56
10	52
11	31
12	8
13	28
14	15
15	3

Config	T = 2.65
0	5
1	35
2	13
3	29
4	11
5	25
6	31
7	33
8	27
9	69
10	30
11	24
12	15
13	30
14	17
15	6

Config	T = 2.64
0	5
1	28
2	12
3	26
4	17
5	23
6	50
7	20
8	43
9	34
10	52
11	32
12	13
13	34
14	8
15	3

Config	T = 2.63
0	7
1	31
2	16
3	25
4	15
5	22
6	37
7	29
8	32
9	41
10	46
11	29
12	16
13	35
14	17
15	2

Config	T = 2.62
0	4
1	26
2	18
3	25
4	18
5	25
6	30
7	26
8	29
9	36
10	69
11	32
12	14
13	33
14	14
15	1

Config	T = 2.61
0	4
1	33
2	12
3	27
4	10
5	27
6	39
7	35
8	35
9	59
10	34
11	21
12	15
13	27
14	17
15	5

Config	T = 2.6
0	3
1	36
2	11
3	28
4	10
5	19
6	35
7	28
8	28
9	58
10	56
11	21
12	17
13	29
14	18
15	3

Config	T = 2.59
0	2
1	26
2	12
3	34
4	20
5	47
6	22
7	31
8	22
9	59
10	38
11	25
12	22
13	17
14	14
15	9

Config	T = 2.58
0	4
1	37
2	9
3	34
4	14
5	37
6	35
7	35
8	27
9	34
10	37
11	24
12	23
13	27
14	18
15	5

Config	T = 2.57
0	2
1	28
2	16
3	29
4	19
5	35
6	26
7	31
8	24
9	44
10	52
11	28
12	20
13	27
14	17
15	2

Config	T = 2.56
0	2
1	20
2	21
3	28
4	20
5	39
6	18
7	32
8	27
9	47
10	57
11	39
12	7
13	31
14	8
15	4

Config	T = 2.55
0	7
1	27
2	18
3	23
4	15
5	27
6	28
7	34
8	27
9	43
10	60
11	30
12	9
13	34
14	12
15	6

Config	T = 2.54
0	4
1	28
2	13
3	31
4	9
5	27
6	28
7	28
8	35
9	55
10	56
11	30
12	11
13	27
14	15
15	3

Config	T = 2.53
0	5
1	29
2	9
3	30
4	14
5	37
6	30
7	31
8	26
9	44
10	56
11	29
12	17
13	28
14	12
15	3

Config	T = 2.52
0	4
1	31
2	14
3	35
4	10
5	21
6	24
7	21
8	32
9	61
10	51
11	33
12	14
13	29
14	18
15	2

Config	T = 2.51
0	6
1	26
2	15
3	27
4	15
5	34
6	21
7	33
8	22
9	52
10	56
11	29
12	17
13	28
14	17
15	2

Config	T = 2.5
0	1
1	21
2	20
3	26
4	21
5	26
6	25
7	20
8	29
9	37
10	87
11	30
12	15
13	25
14	14
15	3

Config	T = 2.49
0	5
1	18
2	19
3	16
4	19
5	28
6	32
7	30
8	30
9	35
10	91
11	24
12	11
13	26
14	11
15	5

Config	T = 2.48
0	6
1	31
2	12
3	30
4	14
5	30
6	32
7	29
8	29
9	50
10	43
11	31
12	14
13	32
14	12
15	5

Config	T = 2.47
0	3
1	29
2	12
3	31
4	12
5	31
6	27
7	29
8	29
9	54
10	55
11	29
12	15
13	27
14	15
15	2

Config	T = 2.46
0	4
1	27
2	19
3	25
4	17
5	31
6	29
7	35
8	29
9	50
10	40
11	32
12	12
13	34
14	14
15	2

Config	T = 2.45
0	2
1	31
2	17
3	30
4	15
5	23
6	23
7	26
8	24
9	61
10	53
11	33
12	12
13	34
14	14
15	2

Config	T = 2.44
0	4
1	32
2	13
3	31
4	10
5	24
6	31
7	28
8	33
9	74
10	31
11	26
12	14
13	27
14	17
15	5

Config	T = 2.43
0	3
1	30
2	16
3	28
4	17
5	18
6	36
7	19
8	33
9	48
10	59
11	30
12	14
13	32
14	13
15	4

Config	T = 2.42
0	6
1	29
2	15
3	26
4	11
5	15
6	35
7	22
8	36
9	38
10	78
11	33
12	6
13	36
14	10
15	4

Config	T = 2.41
0	4
1	27
2	9
3	29
4	12
5	31
6	31
7	26
8	30
9	56
10	64
11	28
12	13
13	26
14	10
15	4

Config	T = 2.4
0	2
1	32
2	13
3	33
4	13
5	26
6	33
7	25
8	34
9	44
10	57
11	27
12	14
13	26
14	14
15	7

Config	T = 2.39
0	3
1	26
2	12
3	29
4	14
5	33
6	19
7	28
8	20
9	68
10	63
11	25
12	19
13	22
14	17
15	2

Config	T = 2.38
0	4
1	23
2	16
3	25
4	21
5	33
6	31
7	26
8	28
9	42
10	62
11	30
12	16
13	28
14	11
15	4

Config	T = 2.37
0	5
1	30
2	9
3	34
4	9
5	23
6	26
7	19
8	30
9	72
10	55
11	30
12	14
13	26
14	14
15	4

Config	T = 2.36
0	1
1	27
2	13
3	28
4	14
5	32
6	31
7	30
8	31
9	38
10	74
11	29
12	11
13	28
14	10
15	3

Config	T = 2.35
0	3
1	29
2	13
3	33
4	12
5	23
6	32
7	20
8	37
9	74
10	36
11	33
12	10
13	29
14	11
15	5

Config	T = 2.34
0	7
1	33
2	12
3	36
4	10
5	23
6	26
7	22
8	31
9	48
10	53
11	36
12	11
13	33
14	13
15	6

Config	T = 2.33
0	1
1	28
2	16
3	33
4	14
5	26
6	37
7	23
8	44
9	44
10	44
11	27
12	18
13	22
14	20
15	3

Config	T = 2.32
0	6
1	29
2	13
3	29
4	12
5	26
6	26
7	27
8	27
9	42
10	70
11	34
12	11
13	34
14	12
15	2

Config	T = 2.31
0	4
1	24
2	16
3	29
4	11
5	27
6	26
7	27
8	36
9	43
10	70
11	29
12	14
13	24
14	19
15	1

Config	T = 2.3
0	1
1	27
2	10
3	30
4	9
5	36
6	21
7	34
8	25
9	67
10	64
11	28
12	10
13	25
14	11
15	2

Config	T = 2.29
0	1
1	24
2	13
3	26
4	14
5	30
6	35
7	27
8	36
9	64
10	52
11	27
12	13
13	25
14	12
15	1

Config	T = 2.28
0	3
1	29
2	17
3	34
4	11
5	24
6	26
7	25
8	37
9	44
10	57
11	36
12	8
13	31
14	14
15	4

Config	T = 2.27
0	4
1	29
2	13
3	28
4	11
5	26
6	32
7	29
8	33
9	50
10	58
11	30
12	11
13	31
14	13
15	2

Config	T = 2.26
0	3
1	27
2	14
3	23
4	13
5	27
6	31
7	32
8	28
9	72
10	48
11	24
12	14
13	28
14	15
15	1

Config	T = 2.25
0	1
1	27
2	16
3	34
4	14
5	32
6	16
7	27
8	25
9	68
10	51
11	31
12	14
13	24
14	16
15	4

Config	T = 2.24
0	3
1	29
2	14
3	22
4	16
5	19
6	35
7	24
8	26
9	50
10	76
11	29
12	11
13	36
14	9
15	1

Config	T = 2.23
0	4
1	20
2	17
3	21
4	18
5	24
6	29
7	22
8	29
9	63
10	72
11	26
12	14
13	25
14	13
15	3

Config	T = 2.22
0	1
1	29
2	15
3	28
4	16
5	25
6	30
7	25
8	28
9	53
10	64
11	29
12	12
13	30
14	11
15	4

Config	T = 2.21
0	6
1	27
2	14
3	28
4	16
5	29
6	28
7	26
8	27
9	39
10	65
11	32
12	16
13	31
14	14
15	2

Config	T = 2.2
0	2
1	26
2	10
3	33
4	11
5	34
6	27
7	26
8	33
9	66
10	50
11	29
12	15
13	22
14	14
15	2

Config	T = 2.19
0	3
1	35
2	13
3	31
4	14
5	26
6	27
7	29
8	22
9	32
10	74
11	33
12	10
13	37
14	9
15	5

Config	T = 2.18
0	2
1	33
2	16
3	30
4	14
5	26
6	24
7	31
8	23
9	59
10	51
11	26
12	14
13	29
14	16
15	6

Config	T = 2.17
0	1
1	29
2	10
3	23
4	10
5	19
6	32
7	25
8	26
9	99
10	52
11	20
12	14
13	26
14	14
15	0

Config	T = 2.16
0	5
1	28
2	15
3	26
4	14
5	15
6	28
7	18
8	27
9	80
10	53
11	27
12	16
13	29
14	17
15	2

Config	T = 2.15
0	0
1	30
2	13
3	29
4	15
5	31
6	31
7	30
8	28
9	59
10	50
11	29
12	12
13	30
14	10
15	3

Config	T = 2.14
0	6
1	28
2	15
3	32
4	11
5	23
6	20
7	23
8	28
9	55
10	62
11	35
12	13
13	31
14	17
15	1

Config	T = 2.13
0	5
1	30
2	12
3	31
4	12
5	25
6	34
7	24
8	35
9	39
10	58
11	36
12	12
13	35
14	12
15	0

Config	T = 2.12
0	2
1	28
2	14
3	28
4	16
5	31
6	36
7	29
8	34
9	49
10	44
11	26
12	19
13	26
14	17
15	1

Config	T = 2.11
0	3
1	27
2	14
3	25
4	17
5	27
6	27
7	26
8	22
9	69
10	58
11	25
12	16
13	27
14	13
15	4

Config	T = 2.1
0	4
1	36
2	4
3	35
4	8
5	31
6	30
7	28
8	25
9	75
10	36
11	26
12	18
13	27
14	14
15	3

Config	T = 2.09
0	1
1	30
2	9
3	30
4	8
5	21
6	31
7	22
8	32
9	81
10	60
11	22
12	13
13	22
14	14
15	4

Config	T = 2.08
0	5
1	29
2	12
3	27
4	12
5	22
6	40
7	24
8	38
9	53
10	50
11	27
12	15
13	29
14	15
15	2

Config	T = 2.07
0	2
1	28
2	12
3	25
4	12
5	34
6	25
7	37
8	22
9	73
10	52
11	27
12	9
13	30
14	9
15	3

Config	T = 2.06
0	4
1	29
2	15
3	28
4	12
5	28
6	25
7	32
8	27
9	47
10	61
11	33
12	11
13	34
14	14
15	0

Config	T = 2.05
0	1
1	29
2	11
3	36
4	14
5	39
6	18
7	29
8	22
9	69
10	40
11	32
12	19
13	25
14	16
15	0

Config	T = 2.04
0	3
1	33
2	12
3	28
4	8
5	31
6	19
7	40
8	18
9	70
10	53
11	25
12	12
13	30
14	16
15	2

Config	T = 2.03
0	2
1	41
2	1
3	38
4	6
5	33
6	26
7	31
8	18
9	60
10	55
11	34
12	11
13	37
14	6
15	1

Config	T = 2.02
0	5
1	26
2	18
3	24
4	14
5	24
6	24
7	30
8	26
9	58
10	59
11	29
12	14
13	31
14	18
15	0

Config	T = 2.01
0	1
1	25
2	12
3	32
4	14
5	29
6	29
7	20
8	34
9	59
10	64
11	30
12	13
13	23
14	11
15	4

Config	T = 2
0	3
1	37
2	6
3	32
4	7
5	22
6	30
7	26
8	24
9	82
10	47
11	24
12	14
13	29
14	13
15	4

Config	T = 1.99
0	0
1	30
2	12
3	26
4	12
5	30
6	27
7	34
8	23
9	43
10	87
11	27
12	7
13	31
14	7
15	4

Config	T = 1.98
0	6
1	29
2	15
3	31
4	8
5	29
6	24
7	34
8	33
9	44
10	54
11	34
12	9
13	32
14	16
15	2

Config	T = 1.97
0	4
1	30
2	10
3	29
4	10
5	24
6	33
7	25
8	32
9	59
10	59
11	31
12	10
13	32
14	10
15	2

Config	T = 1.96
0	1
1	30
2	7
3	30
4	11
5	33
6	23
7	29
8	19
9	60
10	79
11	30
12	10
13	30
14	6
15	2

Config	T = 1.95
0	0
1	32
2	14
3	34
4	10
5	27
6	24
7	29
8	30
9	51
10	60
11	33
12	10
13	31
14	14
15	1

Config	T = 1.94
0	3
1	35
2	12
3	34
4	11
5	26
6	25
7	28
8	25
9	56
10	50
11	35
12	10
13	36
14	11
15	3

Config	T = 1.93
0	0
1	28
2	16
3	28
4	17
5	22
6	29
7	21
8	28
9	50
10	75
11	30
12	12
13	30
14	11
15	3

Config	T = 1.92
0	1
1	31
2	11
3	31
4	10
5	29
6	22
7	30
8	23
9	70
10	58
11	31
12	10
13	31
14	11
15	1

Config	T = 1.91
0	3
1	31
2	11
3	29
4	12
5	33
6	30
7	34
8	27
9	53
10	51
11	30
12	11
13	32
14	10
15	3

Config	T = 1.9
0	4
1	27
2	8
3	27
4	14
5	34
6	39
7	28
8	33
9	49
10	55
11	27
12	16
13	27
14	10
15	2

Config	T = 1.89
0	1
1	30
2	8
3	30
4	11
5	34
6	29
7	31
8	26
9	66
10	53
11	31
12	11
13	31
14	8
15	0

Config	T = 1.88
0	2
1	29
2	8
3	26
4	9
5	22
6	41
7	24
8	37
9	77
10	50
11	26
12	10
13	29
14	9
15	1

Config	T = 1.87
0	0
1	27
2	10
3	34
4	12
5	39
6	21
7	30
8	26
9	64
10	57
11	32
12	11
13	25
14	9
15	3

Config	T = 1.86
0	1
1	38
2	8
3	27
4	8
5	20
6	37
7	31
8	26
9	67
10	57
11	21
12	12
13	32
14	12
15	3

Config	T = 1.85
0	5
1	18
2	15
3	21
4	20
5	32
6	25
7	24
8	23
9	55
10	80
11	29
12	15
13	26
14	10
15	2

Config	T = 1.84
0	0
1	24
2	18
3	26
4	12
5	24
6	27
7	28
8	35
9	44
10	83
11	28
12	9
13	26
14	15
15	1

Config	T = 1.83
0	2
1	31
2	5
3	31
4	11
5	32
6	31
7	26
8	25
9	79
10	47
11	27
12	15
13	27
14	9
15	2

Config	T = 1.82
0	0
1	31
2	10
3	26
4	11
5	27
6	35
7	31
8	29
9	52
10	70
11	24
12	13
13	29
14	12
15	0

Config	T = 1.81
0	2
1	30
2	11
3	33
4	11
5	31
6	28
7	28
8	31
9	45
10	65
11	32
12	10
13	29
14	10
15	4

Config	T = 1.8
0	0
1	30
2	10
3	30
4	9
5	27
6	28
7	28
8	29
9	96
10	35
11	23
12	15
13	23
14	16
15	1

Config	T = 1.79
0	0
1	32
2	8
3	34
4	11
5	31
6	26
7	26
8	25
9	58
10	66
11	28
12	15
13	26
14	12
15	2

Config	T = 1.78
0	2
1	25
2	12
3	24
4	12
5	34
6	34
7	35
8	33
9	48
10	65
11	29
12	8
13	30
14	8
15	1

Config	T = 1.77
0	1
1	26
2	10
3	26
4	11
5	30
6	25
7	29
8	24
9	77
10	66
11	28
12	10
13	28
14	9
15	0

Config	T = 1.76
0	3
1	27
2	7
3	24
4	10
5	36
6	27
7	36
8	21
9	63
10	72
11	27
12	10
13	30
14	7
15	0

Config	T = 1.75
0	2
1	27
2	12
3	32
4	13
5	28
6	23
7	22
8	27
9	53
10	75
11	31
12	14
13	26
14	13
15	2

Config	T = 1.74
0	1
1	26
2	6
3	31
4	10
5	26
6	39
7	17
8	40
9	70
10	60
11	28
12	13
13	23
14	9
15	1

Config	T = 1.73
0	3
1	32
2	9
3	30
4	5
5	20
6	28
7	26
8	30
9	66
10	71
11	31
12	5
13	33
14	9
15	2

Config	T = 1.72
0	4
1	25
2	10
3	29
4	11
5	24
6	22
7	19
8	25
9	90
10	59
11	30
12	13
13	26
14	12
15	1

Config	T = 1.71
0	2
1	25
2	8
3	27
4	13
5	27
6	34
7	20
8	31
9	73
10	63
11	30
12	12
13	28
14	7
15	0

Config	T = 1.7
0	1
1	29
2	11
3	30
4	8
5	25
6	26
7	27
8	30
9	73
10	60
11	30
12	9
13	29
14	12
15	0

Config	T = 1.69
0	3
1	26
2	10
3	30
4	13
5	36
6	21
7	29
8	22
9	42
10	86
11	34
12	9
13	30
14	6
15	3

Config	T = 1.68
0	3
1	30
2	10
3	25
4	8
5	24
6	41
7	31
8	38
9	64
10	50
11	23
12	10
13	28
14	12
15	3

Config	T = 1.67
0	1
1	31
2	7
3	30
4	8
5	25
6	29
7	25
8	27
9	65
10	74
11	33
12	6
13	34
14	5
15	0

Config	T = 1.66
0	2
1	27
2	9
3	29
4	6
5	28
6	26
7	29
8	31
9	59
10	81
11	28
12	7
13	26
14	10
15	2

Config	T = 1.65
0	0
1	30
2	8
3	32
4	10
5	25
6	31
7	21
8	31
9	48
10	85
11	33
12	8
13	31
14	6
15	1

Config	T = 1.64
0	0
1	30
2	9
3	32
4	11
5	24
6	33
7	20
8	33
9	60
10	69
11	32
12	8
13	30
14	6
15	3

Config	T = 1.63
0	1
1	26
2	15
3	29
4	12
5	23
6	28
7	23
8	34
9	58
10	68
11	36
12	5
13	33
14	8
15	1

Config	T = 1.62
0	3
1	28
2	17
3	32
4	10
5	25
6	20
7	28
8	31
9	48
10	65
11	41
12	4
13	37
14	11
15	0

Config	T = 1.61
0	4
1	31
2	8
3	30
4	10
5	37
6	22
7	36
8	19
9	47
10	70
11	32
12	11
13	33
14	9
15	1

Config	T = 1.6
0	1
1	22
2	11
3	29
4	11
5	28
6	34
7	21
8	41
9	58
10	70
11	33
12	7
13	26
14	7
15	1

Config	T = 1.59
0	2
1	31
2	12
3	29
4	9
5	27
6	30
7	32
8	31
9	47
10	66
11	30
12	9
13	32
14	12
15	1

Config	T = 1.58
0	3
1	30
2	10
3	28
4	8
5	30
6	24
7	34
8	24
9	53
10	77
11	27
12	9
13	29
14	11
15	3

Config	T = 1.57
0	1
1	31
2	13
3	32
4	9
5	14
6	29
7	17
8	34
9	73
10	61
11	35
12	6
13	34
14	10
15	1

Config	T = 1.56
0	0
1	27
2	8
3	32
4	11
5	30
6	26
7	22
8	28
9	78
10	61
11	29
12	13
13	24
14	10
15	1

Config	T = 1.55
0	1
1	25
2	11
3	27
4	10
5	31
6	20
7	30
8	23
9	57
10	91
11	29
12	8
13	27
14	9
15	1

Config	T = 1.54
0	0
1	23
2	9
3	30
4	9
5	32
6	21
7	25
8	28
9	53
10	99
11	31
12	8
13	24
14	8
15	0

Config	T = 1.53
0	1
1	27
2	12
3	32
4	11
5	31
6	18
7	27
8	24
9	61
10	72
11	38
12	6
13	33
14	7
15	0

Config	T = 1.52
0	0
1	27
2	7
3	29
4	9
5	34
6	22
7	30
8	22
9	73
10	75
11	29
12	9
13	27
14	7
15	0

Config	T = 1.51
0	1
1	31
2	10
3	25
4	8
5	25
6	25
7	33
8	21
9	71
10	75
11	26
12	7
13	32
14	9
15	1

Config	T = 1.5
0	3
1	26
2	5
3	35
4	10
5	34
6	25
7	20
8	29
9	57
10	74
11	36
12	12
13	27
14	7
15	0

Config	T = 1.49
0	0
1	27
2	10
3	29
4	9
5	20
6	30
7	19
8	33
9	67
10	82
11	28
12	9
13	26
14	10
15	1

Config	T = 1.48
0	3
1	23
2	13
3	28
4	11
5	27
6	27
7	24
8	34
9	48
10	83
11	32
12	8
13	27
14	10
15	2

Config	T = 1.47
0	1
1	27
2	7
3	25
4	6
5	27
6	31
7	30
8	30
9	80
10	71
11	26
12	4
13	28
14	5
15	2

Config	T = 1.46
0	4
1	26
2	12
3	28
4	10
5	25
6	27
7	25
8	31
9	61
10	69
11	33
12	7
13	31
14	9
15	2

Config	T = 1.45
0	1
1	34
2	4
3	33
4	8
5	32
6	29
7	29
8	24
9	78
10	49
11	28
12	12
13	29
14	8
15	2

Config	T = 1.44
0	1
1	29
2	4
3	33
4	4
5	31
6	29
7	27
8	33
9	81
10	59
11	26
12	9
13	22
14	9
15	3

Config	T = 1.43
0	1
1	29
2	11
3	27
4	9
5	22
6	30
7	26
8	30
9	65
10	73
11	31
12	5
13	33
14	7
15	1

Config	T = 1.42
0	0
1	32
2	12
3	33
4	8
5	25
6	24
7	28
8	29
9	68
10	56
11	32
12	9
13	31
14	13
15	0

Config	T = 1.41
0	0
1	29
2	8
3	29
4	7
5	33
6	29
7	34
8	30
9	59
10	70
11	26
12	9
13	26
14	10
15	1

Config	T = 1.4
0	2
1	24
2	9
3	27
4	12
5	20
6	32
7	14
8	32
9	86
10	66
11	30
12	11
13	27
14	8
15	0

Config	T = 1.39
0	1
1	27
2	8
3	29
4	7
5	30
6	24
7	29
8	27
9	66
10	82
11	30
12	4
13	28
14	5
15	3

Config	T = 1.38
0	1
1	27
2	6
3	27
4	9
5	23
6	33
7	20
8	30
9	91
10	63
11	23
12	13
13	23
14	10
15	1

Config	T = 1.37
0	1
1	22
2	11
3	22
4	9
5	27
6	21
7	29
8	23
9	78
10	91
11	30
12	2
13	30
14	4
15	0

Config	T = 1.36
0	0
1	28
2	10
3	32
4	9
5	32
6	25
7	29
8	30
9	57
10	72
11	31
12	7
13	27
14	8
15	3

Config	T = 1.35
0	0
1	28
2	6
3	31
4	5
5	24
6	32
7	22
8	36
9	81
10	66
11	30
12	5
13	27
14	6
15	1

Config	T = 1.34
0	0
1	32
2	7
3	30
4	5
5	27
6	18
7	31
8	18
9	93
10	66
11	28
12	6
13	30
14	8
15	1

Config	T = 1.33
0	0
1	25
2	9
3	29
4	9
5	35
6	19
7	31
8	23
9	78
10	70
11	31
12	7
13	27
14	7
15	0

Config	T = 1.32
0	0
1	32
2	6
3	29
4	10
5	24
6	37
7	23
8	30
9	70
10	62
11	30
12	9
13	33
14	5
15	0

Config	T = 1.31
0	1
1	27
2	6
3	31
4	3
5	23
6	23
7	22
8	30
9	87
10	78
11	28
12	7
13	24
14	10
15	0

Config	T = 1.3
0	0
1	33
2	5
3	33
4	3
5	30
6	23
7	32
8	25
9	72
10	70
11	28
12	8
13	28
14	10
15	0

Config	T = 1.29
0	2
1	24
2	7
3	27
4	6
5	28
6	28
7	26
8	32
9	70
10	83
11	27
12	7
13	24
14	8
15	1

Config	T = 1.28
0	2
1	30
2	7
3	28
4	11
5	32
6	25
7	30
8	19
9	34
10	103
11	32
12	8
13	34
14	4
15	1

Config	T = 1.27
0	0
1	33
2	3
3	30
4	6
5	37
6	24
7	37
8	18
9	96
10	44
11	24
12	12
13	27
14	9
15	0

Config	T = 1.26
0	0
1	23
2	8
3	26
4	8
5	24
6	27
7	21
8	30
9	74
10	94
11	29
12	5
13	26
14	5
15	0

Config	T = 1.25
0	0
1	29
2	8
3	28
4	5
5	26
6	26
7	30
8	28
9	84
10	66
11	26
12	7
13	27
14	10
15	0

Config	T = 1.24
0	0
1	31
2	4
3	29
4	3
5	27
6	27
7	30
8	26
9	85
10	72
11	24
12	7
13	26
14	8
15	1

Config	T = 1.23
0	0
1	27
2	5
3	28
4	6
5	16
6	31
7	14
8	31
9	94
10	82
11	25
12	9
13	24
14	8
15	0

Config	T = 1.22
0	1
1	30
2	4
3	36
4	6
5	37
6	19
7	29
8	23
9	77
10	60
11	37
12	6
13	31
14	4
15	0

Config	T = 1.21
0	0
1	27
2	5
3	26
4	4
5	27
6	27
7	29
8	27
9	94
10	73
11	23
12	6
13	24
14	7
15	1

Config	T = 1.2
0	0
1	28
2	3
3	30
4	1
5	21
6	33
7	21
8	37
9	81
10	84
11	27
12	3
13	25
14	5
15	1

Config	T = 1.19
0	1
1	25
2	6
3	30
4	6
5	43
6	20
7	38
8	25
9	72
10	66
11	28
12	8
13	23
14	8
15	1

Config	T = 1.18
0	1
1	24
2	9
3	25
4	8
5	23
6	21
7	23
8	23
9	63
10	112
11	31
12	3
13	30
14	4
15	0

Config	T = 1.17
0	1
1	33
2	4
3	34
4	4
5	16
6	28
7	15
8	29
9	82
10	77
11	35
12	4
13	34
14	4
15	0

Config	T = 1.16
0	0
1	36
2	3
3	37
4	3
5	33
6	17
7	32
8	18
9	98
10	44
11	32
12	8
13	31
14	8
15	0

Config	T = 1.15
0	1
1	27
2	6
3	29
4	3
5	28
6	17
7	29
8	22
9	90
10	82
11	28
12	4
13	26
14	7
15	1

Config	T = 1.14
0	0
1	26
2	5
3	27
4	6
5	26
6	30
7	24
8	30
9	77
10	85
11	30
12	3
13	29
14	2
15	0

Config	T = 1.13
0	0
1	30
2	3
3	25
4	4
5	30
6	27
7	34
8	21
9	77
10	88
11	22
12	6
13	27
14	5
15	1

Config	T = 1.12
0	0
1	31
2	6
3	31
4	7
5	26
6	23
7	25
8	22
9	44
10	110
11	36
12	2
13	36
14	1
15	0

Config	T = 1.11
0	0
1	29
2	7
3	25
4	6
5	26
6	28
7	31
8	25
9	70
10	86
11	28
12	3
13	32
14	4
15	0

Config	T = 1.1
0	0
1	25
2	7
3	24
4	8
5	25
6	33
7	25
8	31
9	59
10	100
11	28
12	3
13	29
14	2
15	1

Config	T = 1.09
0	2
1	24
2	2
3	29
4	3
5	30
6	27
7	24
8	31
9	97
10	69
11	27
12	7
13	22
14	6
15	0

Config	T = 1.08
0	0
1	32
2	3
3	26
4	2
5	18
6	34
7	25
8	29
9	107
10	61
11	24
12	4
13	30
14	5
15	0

Config	T = 1.07
0	1
1	29
2	4
3	33
4	6
5	28
6	17
7	22
8	19
9	89
10	78
11	36
12	4
13	32
14	2
15	0

Config	T = 1.06
0	0
1	29
2	4
3	28
4	3
5	28
6	21
7	30
8	21
9	118
10	55
11	24
12	6
13	25
14	7
15	1

Config	T = 1.05
0	0
1	27
2	2
3	31
4	3
5	30
6	24
7	25
8	27
9	97
10	71
11	30
12	4
13	26
14	3
15	0

Config	T = 1.04
0	2
1	32
2	3
3	33
4	3
5	26
6	20
7	25
8	21
9	76
10	84
11	35
12	3
13	34
14	3
15	0

Config	T = 1.03
0	0
1	31
2	3
3	30
4	6
5	35
6	21
7	33
8	17
9	110
10	45
11	25
12	10
13	26
14	7
15	1

Config	T = 1.02
0	0
1	27
2	4
3	25
4	1
5	26
6	23
7	31
8	24
9	87
10	95
11	25
12	1
13	27
14	4
15	0

Config	T = 1.01
0	1
1	28
2	2
3	27
4	3
5	23
6	25
7	23
8	23
9	90
10	95
11	26
12	3
13	27
14	2
15	2

Config	T = 1
0	0
1	31
2	6
3	26
4	7
5	16
6	29
7	20
8	23
9	64
10	108
11	29
12	4
13	34
14	3
15	0

Config	T = 0.99
0	0
1	27
2	8
3	27
4	5
5	23
6	25
7	26
8	28
9	68
10	96
11	29
12	3
13	29
14	6
15	0

Config	T = 0.98
0	0
1	33
2	4
3	33
4	4
5	16
6	31
7	16
8	31
9	72
10	86
11	33
12	4
13	33
14	4
15	0

Config	T = 0.97
0	0
1	35
2	3
3	36
4	2
5	26
6	25
7	26
8	27
9	63
10	82
11	36
12	1
13	35
14	2
15	1

Config	T = 0.96
0	0
1	32
2	2
3	35
4	4
5	24
6	23
7	19
8	24
9	94
10	70
11	35
12	4
13	32
14	2
15	0

Config	T = 0.95
0	1
1	32
2	1
3	33
4	0
5	26
6	22
7	26
8	24
9	112
10	55
11	34
12	0
13	33
14	1
15	0

Config	T = 0.94
0	0
1	32
2	3
3	29
4	1
5	24
6	26
7	29
8	25
9	98
10	68
11	28
12	2
13	31
14	4
15	0

Config	T = 0.93
0	0
1	29
2	3
3	28
4	0
5	21
6	19
7	25
8	21
9	108
10	86
11	27
12	1
13	28
14	4
15	0

Config	T = 0.92
0	1
1	24
2	3
3	26
4	3
5	35
6	17
7	33
8	19
9	85
10	96
11	29
12	1
13	27
14	1
15	0

Config	T = 0.91
0	0
1	24
2	3
3	29
4	2
5	25
6	16
7	21
8	22
9	71
10	129
11	30
12	1
13	25
14	2
15	0

Config	T = 0.9
0	0
1	26
2	5
3	24
4	3
5	18
6	28
7	22
8	28
9	101
10	87
11	25
12	2
13	27
14	4
15	0

Config	T = 0.89
0	0
1	23
2	2
3	19
4	2
5	16
6	23
7	20
8	19
9	119
10	111
11	20
12	1
13	24
14	1
15	0

Config	T = 0.88
0	1
1	28
2	3
3	26
4	1
5	19
6	21
7	23
8	21
9	54
10	143
11	28
12	0
13	30
14	2
15	0

Config	T = 0.87
0	0
1	26
2	3
3	24
4	3
5	18
6	26
7	20
8	24
9	113
10	87
11	24
12	3
13	26
14	3
15	0

Config	T = 0.86
0	0
1	28
2	4
3	24
4	3
5	26
6	26
7	31
8	23
9	74
10	102
11	25
12	2
13	29
14	3
15	0

Config	T = 0.85
0	0
1	24
2	2
3	24
4	1
5	24
6	17
7	25
8	18
9	120
10	94
11	23
12	2
13	23
14	3
15	0

Config	T = 0.84
0	0
1	24
2	1
3	26
4	2
5	24
6	22
7	21
8	23
9	121
10	83
11	25
12	3
13	23
14	2
15	0

Config	T = 0.83
0	0
1	26
2	3
3	27
4	2
5	22
6	19
7	22
8	21
9	122
10	79
11	27
12	1
13	26
14	2
15	1

Config	T = 0.82
0	0
1	27
2	2
3	28
4	2
5	23
6	21
7	22
8	22
9	84
10	110
11	29
12	1
13	28
14	1
15	0

Config	T = 0.81
0	0
1	23
2	2
3	23
4	1
5	16
6	23
7	17
8	24
9	149
10	73
11	22
12	2
13	22
14	3
15	0

Config	T = 0.8
0	0
1	29
2	1
3	25
4	1
5	12
6	31
7	16
8	27
9	124
10	78
11	25
12	1
13	29
14	1
15	0

Config	T = 0.79
0	0
1	29
2	0
3	27
4	1
5	30
6	21
7	31
8	18
9	125
10	61
11	24
12	4
13	26
14	3
15	0

Config	T = 0.78
0	0
1	26
2	1
3	23
4	0
5	16
6	21
7	20
8	19
9	120
10	104
11	22
12	1
13	25
14	2
15	0

Config	T = 0.77
0	0
1	24
2	1
3	30
4	1
5	26
6	20
7	20
8	26
9	93
10	103
11	31
12	0
13	25
14	0
15	0

Config	T = 0.76
0	0
1	27
2	0
3	24
4	0
5	16
6	32
7	19
8	29
9	87
10	115
11	23
12	1
13	26
14	1
15	0

Config	T = 0.75
0	0
1	21
2	0
3	27
4	1
5	22
6	15
7	15
8	20
9	120
10	110
11	26
12	2
13	20
14	1
15	0

Config	T = 0.74
0	0
1	20
2	0
3	24
4	0
5	21
6	13
7	17
8	17
9	155
10	89
11	23
12	1
13	19
14	1
15	0

Config	T = 0.73
0	0
1	27
2	3
3	23
4	3
5	20
6	24
7	24
8	20
9	70
10	130
11	26
12	0
13	30
14	0
15	0

Config	T = 0.72
0	0
1	20
2	1
3	20
4	2
5	21
6	23
7	20
8	22
9	133
10	95
11	20
12	2
13	20
14	1
15	0

Config	T = 0.71
0	0
1	27
2	1
3	24
4	1
5	17
6	26
7	20
8	23
9	94
10	114
11	23
12	2
13	26
14	2
15	0

Config	T = 0.7
0	0
1	27
2	1
3	23
4	1
5	14
6	25
7	18
8	21
9	125
10	93
11	24
12	0
13	28
14	0
15	0

Config	T = 0.69
0	0
1	29
2	2
3	28
4	0
5	17
6	18
7	20
8	19
9	108
10	100
11	28
12	0
13	29
14	2
15	0

Config	T = 0.68
0	0
1	22
2	0
3	19
4	0
5	18
6	21
7	21
8	18
9	142
10	98
11	19
12	0
13	22
14	0
15	0

Config	T = 0.67
0	0
1	19
2	0
3	22
4	0
5	21
6	18
7	18
8	21
9	101
10	139
11	22
12	0
13	19
14	0
15	0

Config	T = 0.66
0	0
1	22
2	1
3	22
4	1
5	23
6	24
7	23
8	24
9	93
10	121
11	23
12	0
13	23
14	0
15	0

Config	T = 0.65
0	0
1	21
2	0
3	24
4	0
5	19
6	16
7	16
8	19
9	104
10	136
11	24
12	0
13	21
14	0
15	0

Config	T = 0.64
0	0
1	28
2	0
3	27
4	0
5	19
6	14
7	20
8	13
9	114
10	110
11	26
12	1
13	27
14	1
15	0

Config	T = 0.63
0	0
1	23
2	2
3	24
4	1
5	19
6	18
7	19
8	20
9	123
10	101
11	24
12	1
13	23
14	2
15	0

Config	T = 0.62
0	0
1	21
2	1
3	22
4	2
5	18
6	25
7	16
8	25
9	129
10	95
11	23
12	1
13	22
14	0
15	0

Config	T = 0.61
0	0
1	22
2	1
3	27
4	1
5	29
6	15
7	24
8	20
9	95
10	115
11	28
12	0
13	23
14	0
15	0

Config	T = 0.6
0	0
1	23
2	0
3	24
4	1
5	22
6	16
7	20
8	16
9	93
10	137
11	24
12	1
13	23
14	0
15	0

Config	T = 0.59
0	0
1	22
2	0
3	22
4	0
5	18
6	18
7	18
8	18
9	107
10	133
11	22
12	0
13	22
14	0
15	0

Config	T = 0.58
0	0
1	20
2	0
3	18
4	0
5	20
6	14
7	22
8	12
9	108
10	148
11	17
12	1
13	19
14	1
15	0

Config	T = 0.57
0	0
1	22
2	1
3	23
4	1
5	16
6	19
7	15
8	20
9	96
10	140
11	24
12	0
13	23
14	0
15	0

Config	T = 0.56
0	0
1	8
2	1
3	10
4	0
5	11
6	10
7	10
8	13
9	198
10	120
11	10
12	0
13	8
14	1
15	0

Config	T = 0.55
0	0
1	24
2	0
3	25
4	0
5	16
6	15
7	15
8	16
9	142
10	98
11	25
12	0
13	24
14	0
15	0

Config	T = 0.54
0	0
1	15
2	0
3	15
4	0
5	17
6	18
7	17
8	18
9	166
10	104
11	14
12	1
13	14
14	1
15	0

Config	T = 0.53
0	0
1	8
2	0
3	10
4	0
5	12
6	10
7	10
8	12
9	162
10	158
11	10
12	0
13	8
14	0
15	0

Config	T = 0.52
0	0
1	13
2	0
3	11
4	0
5	12
6	12
7	14
8	10
9	192
10	112
11	10
12	1
13	12
14	1
15	0

Config	T = 0.51
0	0
1	10
2	0
3	13
4	0
5	10
6	7
7	7
8	10
9	133
10	187
11	13
12	0
13	10
14	0
15	0

Config	T = 0.5
0	0
1	18
2	0
3	15
4	0
5	8
6	15
7	11
8	12
9	126
10	162
11	14
12	1
13	17
14	1
15	0

Config	T = 0.49
0	0
1	10
2	0
3	9
4	0
5	10
6	11
7	11
8	10
9	216
10	104
11	9
12	0
13	10
14	0
15	0

Config	T = 0.48
0	0
1	9
2	0
3	12
4	0
5	11
6	8
7	8
8	11
9	206
10	114
11	12
12	0
13	9
14	0
15	0

Config	T = 0.47
0	0
1	8
2	0
3	11
4	0
5	10
6	5
7	7
8	8
9	293
10	39
11	10
12	1
13	7
14	1
15	0

Config	T = 0.46
0	0
1	11
2	0
3	9
4	0
5	9
6	11
7	11
8	9
9	159
10	161
11	9
12	0
13	11
14	0
15	0

Config	T = 0.45
0	0
1	10
2	0
3	10
4	0
5	10
6	10
7	10
8	10
9	67
10	253
11	10
12	0
13	10
14	0
15	0

Config	T = 0.44
0	0
1	13
2	0
3	11
4	0
5	7
6	9
7	9
8	7
9	87
10	233
11	11
12	0
13	13
14	0
15	0

Config	T = 0.43
0	0
1	11
2	0
3	10
4	0
5	9
6	10
7	10
8	9
9	236
10	84
11	10
12	0
13	11
14	0
15	0

Config	T = 0.42
0	0
1	9
2	0
3	9
4	0
5	11
6	11
7	11
8	11
9	169
10	151
11	9
12	0
13	9
14	0
15	0

Config	T = 0.41
0	0
1	12
2	0
3	11
4	0
5	8
6	9
7	9
8	8
9	121
10	199
11	11
12	0
13	12
14	0
15	0

Config	T = 0.4
0	0
1	8
2	0
3	11
4	0
5	12
6	9
7	9
8	12
9	234
10	86
11	11
12	0
13	8
14	0
15	0

Config	T = 0.39
0	0
1	10
2	0
3	10
4	0
5	10
6	10
7	10
8	10
9	235
10	85
11	10
12	0
13	10
14	0
15	0

Config	T = 0.38
0	0
1	12
2	0
3	9
4	0
5	8
6	11
7	11
8	8
9	258
10	62
11	9
12	0
13	12
14	0
15	0

Config	T = 0.37
0	0
1	12
2	0
3	11
4	0
5	8
6	9
7	9
8	8
9	217
10	103
11	11
12	0
13	12
14	0
15	0

Config	T = 0.36
0	0
1	10
2	0
3	11
4	0
5	10
6	9
7	9
8	10
9	125
10	195
11	11
12	0
13	10
14	0
15	0

Config	T = 0.35
0	0
1	12
2	0
3	10
4	0
5	8
6	10
7	10
8	8
9	145
10	175
11	10
12	0
13	12
14	0
15	0

Config	T = 0.34
0	0
1	10
2	0
3	11
4	0
5	10
6	9
7	9
8	10
9	153
10	167
11	11
12	0
13	10
14	0
15	0

Config	T = 0.33
0	0
1	10
2	0
3	10
4	0
5	10
6	10
7	10
8	10
9	241
10	79
11	10
12	0
13	10
14	0
15	0

Config	T = 0.32
0	0
1	10
2	0
3	10
4	0
5	10
6	10
7	10
8	10
9	208
10	112
11	10
12	0
13	10
14	0
15	0

Config	T = 0.31
0	0
1	12
2	0
3	11
4	0
5	8
6	9
7	9
8	8
9	189
10	131
11	11
12	0
13	12
14	0
15	0

Config	T = 0.3
0	0
1	11
2	0
3	9
4	0
5	9
6	11
7	11
8	9
9	103
10	217
11	9
12	0
13	11
14	0
15	0

Config	T = 0.29
0	0
1	13
2	0
3	12
4	0
5	7
6	8
7	8
8	7
9	125
10	195
11	12
12	0
13	13
14	0
15	0

Config	T = 0.28
0	0
1	7
2	0
3	11
4	0
5	13
6	9
7	9
8	13
9	97
10	223
11	11
12	0
13	7
14	0
15	0

Config	T = 0.27
0	0
1	10
2	0
3	8
4	0
5	10
6	12
7	12
8	10
9	206
10	114
11	8
12	0
13	10
14	0
15	0

Config	T = 0.26
0	0
1	9
2	0
3	10
4	0
5	11
6	10
7	10
8	11
9	102
10	218
11	10
12	0
13	9
14	0
15	0

Config	T = 0.25
0	0
1	11
2	0
3	11
4	0
5	9
6	9
7	9
8	9
9	245
10	75
11	11
12	0
13	11
14	0
15	0

Config	T = 0.24
0	0
1	13
2	0
3	12
4	0
5	7
6	8
7	8
8	7
9	207
10	113
11	12
12	0
13	13
14	0
15	0

Config	T = 0.23
0	0
1	11
2	0
3	11
4	0
5	9
6	9
7	9
8	9
9	135
10	185
11	11
12	0
13	11
14	0
15	0

Config	T = 0.22
0	0
1	7
2	0
3	10
4	0
5	13
6	10
7	10
8	13
9	74
10	246
11	10
12	0
13	7
14	0
15	0

Config	T = 0.21
0	0
1	12
2	0
3	13
4	0
5	8
6	7
7	7
8	8
9	115
10	205
11	13
12	0
13	12
14	0
15	0

Config	T = 0.2
0	0
1	7
2	0
3	11
4	0
5	13
6	9
7	9
8	13
9	106
10	214
11	11
12	0
13	7
14	0
15	0

Config	T = 0.19
0	0
1	12
2	0
3	10
4	0
5	8
6	10
7	10
8	8
9	75
10	245
11	10
12	0
13	12
14	0
15	0

Config	T = 0.18
0	0
1	10
2	0
3	11
4	0
5	10
6	9
7	9
8	10
9	176
10	144
11	11
12	0
13	10
14	0
15	0

Config	T = 0.17
0	0
1	11
2	0
3	10
4	0
5	9
6	10
7	10
8	9
9	140
10	180
11	10
12	0
13	11
14	0
15	0

Config	T = 0.16
0	0
1	12
2	0
3	9
4	0
5	8
6	11
7	11
8	8
9	198
10	122
11	9
12	0
13	12
14	0
15	0

Config	T = 0.15
0	0
1	9
2	0
3	10
4	0
5	11
6	10
7	10
8	11
9	217
10	103
11	10
12	0
13	9
14	0
15	0

Config	T = 0.14
0	0
1	12
2	0
3	10
4	0
5	8
6	10
7	10
8	8
9	182
10	138
11	10
12	0
13	12
14	0
15	0

Config	T = 0.13
0	0
1	12
2	0
3	9
4	0
5	8
6	11
7	11
8	8
9	49
10	271
11	9
12	0
13	12
14	0
15	0

Config	T = 0.12
0	0
1	9
2	0
3	12
4	0
5	11
6	8
7	8
8	11
9	139
10	181
11	12
12	0
13	9
14	0
15	0

Config	T = 0.11
0	0
1	10
2	0
3	11
4	0
5	10
6	9
7	9
8	10
9	60
10	260
11	11
12	0
13	10
14	0
15	0

Config	T = 0.1
0	0
1	10
2	0
3	12
4	0
5	10
6	8
7	8
8	10
9	127
10	193
11	12
12	0
13	10
14	0
15	0

Config	T = 0.09
0	0
1	11
2	0
3	13
4	0
5	9
6	7
7	7
8	9
9	52
10	268
11	13
12	0
13	11
14	0
15	0

Config	T = 0.08
0	0
1	9
2	0
3	11
4	0
5	11
6	9
7	9
8	11
9	103
10	217
11	11
12	0
13	9
14	0
15	0

Config	T = 0.07
0	0
1	8
2	0
3	11
4	0
5	12
6	9
7	9
8	12
9	156
10	164
11	11
12	0
13	8
14	0
15	0

Config	T = 0.06
0	0
1	10
2	0
3	8
4	0
5	10
6	12
7	12
8	10
9	100
10	220
11	8
12	0
13	10
14	0
15	0

Config	T = 0.05
0	0
1	8
2	0
3	12
4	0
5	12
6	8
7	8
8	12
9	199
10	121
11	12
12	0
13	8
14	0
15	0

Config	T = 0.04
0	0
1	12
2	0
3	12
4	0
5	8
6	8
7	8
8	8
9	122
10	198
11	12
12	0
13	12
14	0
15	0

Config	T = 0.03
0	0
1	12
2	0
3	10
4	0
5	8
6	10
7	10
8	8
9	224
10	96
11	10
12	0
13	12
14	0
15	0

Config	T = 0.02
0	0
1	8
2	0
3	10
4	0
5	12
6	10
7	10
8	12
9	174
10	146
11	10
12	0
13	8
14	0
15	0

Config	T = 0.01
0	0
1	7
2	0
3	10
4	0
5	13
6	10
7	10
8	13
9	174
10	146
11	10
12	0
13	7
14	0
15	0

